date,weekday,month,year,steps,distance_km,active_kcal,music_minutes_total,music_unique_artists,music_main_context,podcast_minutes_total,podcast_main_topic,netflix_minutes_total,netflix_interactions,netflix_content_topic,ml_purchases,ml_main_category
2025-01-01,Wednesday,1,2025,24.0,0.0,1,0,0,sin_musica,0,sin_podcast,664,22,drama_emocional,0,sin_compras
2025-01-02,Thursday,1,2025,6616.0,4.4,173,0,0,sin_musica,0,sin_podcast,88,2,drama_emocional,0,sin_compras
2025-01-03,Friday,1,2025,7598.0,5.4,158,0,0,sin_musica,0,sin_podcast,115,5,drama_emocional,0,sin_compras
2025-01-04,Saturday,1,2025,7428.0,5.2,172,0,0,sin_musica,0,sin_podcast,531,19,crimen_thriller,0,sin_compras
2025-01-05,Sunday,1,2025,238.0,0.2,3,0,0,sin_musica,0,sin_podcast,345,18,crimen_thriller,0,sin_compras
2025-01-06,Monday,1,2025,5663.0,3.7,129,0,0,sin_musica,0,sin_podcast,6,2,drama_emocional,0,sin_compras
2025-01-07,Tuesday,1,2025,7169.0,4.6,161,0,0,sin_musica,0,sin_podcast,81,4,otros,0,sin_compras
2025-01-08,Wednesday,1,2025,5732.0,3.9,192,0,0,sin_musica,0,sin_podcast,88,5,otros,0,sin_compras
2025-01-09,Thursday,1,2025,5757.0,3.8,143,0,0,sin_musica,0,sin_podcast,43,2,otros,0,sin_compras
2025-01-10,Friday,1,2025,8570.0,5.8,183,0,0,sin_musica,0,sin_podcast,195,7,crimen_thriller,0,sin_compras
2025-01-11,Saturday,1,2025,4357.0,3.1,107,0,0,sin_musica,0,sin_podcast,488,14,crimen_thriller,0,sin_compras
2025-01-12,Sunday,1,2025,4407.0,3.2,106,0,0,sin_musica,0,sin_podcast,441,12,crimen_thriller,0,sin_compras
2025-01-13,Monday,1,2025,5670.0,3.9,119,0,0,sin_musica,0,sin_podcast,47,4,crimen_thriller,0,sin_compras
2025-01-14,Tuesday,1,2025,7012.0,4.6,200,0,0,sin_musica,0,sin_podcast,140,4,crimen_thriller,0,sin_compras
2025-01-15,Wednesday,1,2025,7966.0,5.6,176,0,0,sin_musica,0,sin_podcast,502,13,crimen_thriller,0,sin_compras
2025-01-16,Thursday,1,2025,7548.0,4.5,159,0,0,sin_musica,0,sin_podcast,179,5,crimen_thriller,0,sin_compras
2025-01-17,Friday,1,2025,5881.0,3.8,112,0,0,sin_musica,0,sin_podcast,330,9,crimen_thriller,0,sin_compras
2025-01-18,Saturday,1,2025,5183.0,3.4,112,0,0,sin_musica,0,sin_podcast,555,18,crimen_thriller,0,sin_compras
2025-01-19,Sunday,1,2025,3658.0,2.4,75,0,0,sin_musica,0,sin_podcast,435,17,comedia,0,sin_compras
2025-01-20,Monday,1,2025,5612.0,3.4,118,0,0,sin_musica,0,sin_podcast,0,1,solo_trailers,0,sin_compras
2025-01-21,Tuesday,1,2025,9024.0,5.5,196,0,0,sin_musica,0,sin_podcast,127,19,drama_emocional,0,sin_compras
2025-01-22,Wednesday,1,2025,3703.0,2.5,79,0,0,sin_musica,0,sin_podcast,255,6,crimen_thriller,0,sin_compras
2025-01-23,Thursday,1,2025,7611.0,5.0,211,0,0,sin_musica,0,sin_podcast,178,4,crimen_thriller,0,sin_compras
2025-01-24,Friday,1,2025,8792.0,6.0,188,0,0,sin_musica,0,sin_podcast,204,7,crimen_thriller,0,sin_compras
2025-01-25,Saturday,1,2025,8043.0,5.5,173,0,0,sin_musica,0,sin_podcast,290,14,crimen_thriller,0,sin_compras
2025-01-26,Sunday,1,2025,445.0,0.3,10,0,0,sin_musica,0,sin_podcast,177,10,comedia,0,sin_compras
2025-01-27,Monday,1,2025,5312.0,3.4,138,0,0,sin_musica,0,sin_podcast,17,1,salud,0,sin_compras
2025-01-28,Tuesday,1,2025,6330.0,4.1,155,0,0,sin_musica,0,sin_podcast,154,6,salud,0,sin_compras
2025-01-29,Wednesday,1,2025,6948.0,4.9,164,0,0,sin_musica,0,sin_podcast,410,16,cultural_historico,0,sin_compras
2025-01-30,Thursday,1,2025,9479.0,5.7,236,0,0,sin_musica,0,sin_podcast,146,6,cultural_historico,0,sin_compras
2025-01-31,Friday,1,2025,9175.0,6.4,208,0,0,sin_musica,0,sin_podcast,116,5,cultural_historico,0,sin_compras
2025-02-01,Saturday,2,2025,8068.0,5.6,189,0,0,sin_musica,0,sin_podcast,124,9,cultural_historico,0,sin_compras
2025-02-02,Sunday,2,2025,3128.0,2.3,81,0,0,sin_musica,0,sin_podcast,206,13,comedia,0,sin_compras
2025-02-03,Monday,2,2025,5384.0,3.6,129,0,0,sin_musica,0,sin_podcast,22,1,comedia,0,sin_compras
2025-02-04,Tuesday,2,2025,6543.0,4.2,160,0,0,sin_musica,0,sin_podcast,142,6,comedia,0,sin_compras
2025-02-05,Wednesday,2,2025,2621.0,1.9,85,0,0,sin_musica,0,sin_podcast,84,8,comedia,0,sin_compras
2025-02-06,Thursday,2,2025,8191.0,5.3,209,0,0,sin_musica,0,sin_podcast,53,4,comedia,0,sin_compras
2025-02-07,Friday,2,2025,4390.0,3.0,93,0,0,sin_musica,0,sin_podcast,212,7,comedia,0,sin_compras
2025-02-08,Saturday,2,2025,5378.0,3.7,121,0,0,sin_musica,0,sin_podcast,107,4,crimen_thriller,0,sin_compras
2025-02-09,Sunday,2,2025,3030.0,2.0,73,0,0,sin_musica,0,sin_podcast,185,10,comedia,0,sin_compras
2025-02-10,Monday,2,2025,7713.0,5.2,179,0,0,sin_musica,0,sin_podcast,20,1,comedia,0,sin_compras
2025-02-11,Tuesday,2,2025,6625.0,4.4,213,0,0,sin_musica,0,sin_podcast,0,0,sin_netflix,0,sin_compras
2025-02-12,Wednesday,2,2025,7050.0,4.9,198,0,0,sin_musica,0,sin_podcast,33,3,crimen_thriller,0,sin_compras
2025-02-13,Thursday,2,2025,6120.0,4.0,153,0,0,sin_musica,0,sin_podcast,159,4,crimen_thriller,0,sin_compras
2025-02-14,Friday,2,2025,9932.0,6.9,214,0,0,sin_musica,0,sin_podcast,64,6,crimen_thriller,0,sin_compras
2025-02-15,Saturday,2,2025,4410.0,3.1,92,0,0,sin_musica,0,sin_podcast,282,14,drama_emocional,0,sin_compras
2025-02-16,Sunday,2,2025,156.0,0.1,2,0,0,sin_musica,0,sin_podcast,262,10,drama_emocional,0,sin_compras
2025-02-17,Monday,2,2025,2477.0,1.6,58,0,0,sin_musica,0,sin_podcast,77,5,cultural_historico,0,sin_compras
2025-02-18,Tuesday,2,2025,5557.0,3.8,128,0,0,sin_musica,0,sin_podcast,107,3,crimen_thriller,0,sin_compras
2025-02-19,Wednesday,2,2025,5174.0,3.6,148,0,0,sin_musica,0,sin_podcast,14,7,crimen_thriller,0,sin_compras
2025-02-20,Thursday,2,2025,6232.0,4.1,154,0,0,sin_musica,0,sin_podcast,158,3,ciencia_ficcion,0,sin_compras
2025-02-21,Friday,2,2025,5311.0,3.7,110,0,0,sin_musica,0,sin_podcast,33,1,ciencia_ficcion,0,sin_compras
2025-02-22,Saturday,2,2025,3379.0,2.4,87,0,0,sin_musica,0,sin_podcast,0,0,sin_netflix,0,sin_compras
2025-02-23,Sunday,2,2025,5249.0,3.5,114,0,0,sin_musica,0,sin_podcast,333,14,comedia,0,sin_compras
2025-02-24,Monday,2,2025,5120.0,3.4,118,0,0,sin_musica,0,sin_podcast,0,0,sin_netflix,0,sin_compras
2025-02-25,Tuesday,2,2025,7824.0,4.9,206,0,0,sin_musica,0,sin_podcast,0,0,sin_netflix,0,sin_compras
2025-02-26,Wednesday,2,2025,5488.0,3.6,145,0,0,sin_musica,0,sin_podcast,122,5,ciencia_ficcion,0,sin_compras
2025-02-27,Thursday,2,2025,6613.0,4.4,163,0,0,sin_musica,0,sin_podcast,0,0,sin_netflix,0,sin_compras
2025-02-28,Friday,2,2025,5495.0,3.9,121,0,0,sin_musica,0,sin_podcast,39,5,drama_emocional,0,sin_compras
2025-03-01,Saturday,3,2025,7946.0,5.4,153,0,0,sin_musica,0,sin_podcast,61,4,drama_emocional,0,sin_compras
2025-03-02,Sunday,3,2025,2931.0,1.9,120,0,0,sin_musica,0,sin_podcast,0,0,sin_netflix,0,sin_compras
2025-03-03,Monday,3,2025,10945.0,7.6,232,0,0,sin_musica,0,sin_podcast,0,0,sin_netflix,0,sin_compras
2025-03-04,Tuesday,3,2025,4259.0,2.9,90,0,0,sin_musica,0,sin_podcast,0,0,sin_netflix,0,sin_compras
2025-03-05,Wednesday,3,2025,6598.0,4.2,169,0,0,sin_musica,0,sin_podcast,0,0,sin_netflix,0,sin_compras
2025-03-06,Thursday,3,2025,5752.0,3.9,149,0,0,sin_musica,0,sin_podcast,0,0,sin_netflix,0,sin_compras
2025-03-07,Friday,3,2025,4987.0,3.4,126,0,0,sin_musica,0,sin_podcast,267,18,drama_emocional,0,sin_compras
2025-03-08,Saturday,3,2025,3984.0,2.7,93,0,0,sin_musica,0,sin_podcast,325,14,otros,0,sin_compras
2025-03-09,Sunday,3,2025,774.0,0.5,13,0,0,sin_musica,0,sin_podcast,308,10,otros,0,sin_compras
2025-03-10,Monday,3,2025,6237.0,4.3,156,242,88,no_determinado,0,sin_podcast,170,10,otros,0,sin_compras
2025-03-11,Tuesday,3,2025,8530.0,5.5,261,68,68,no_determinado,0,sin_podcast,38,2,otros,0,sin_compras
2025-03-12,Wednesday,3,2025,7323.0,4.7,182,84,50,argentina,0,actualidad,45,2,otros,0,sin_compras
2025-03-13,Thursday,3,2025,7214.0,4.7,177,85,40,argentina,1,salud,10,1,otros,1,bienestar
2025-03-14,Friday,3,2025,6311.0,4.4,135,109,62,no_determinado,0,actualidad,140,5,otros,0,sin_compras
2025-03-15,Saturday,3,2025,4128.0,2.8,89,183,15,instrumental,0,sin_podcast,204,11,drama_emocional,0,sin_compras
2025-03-16,Sunday,3,2025,4353.0,3.1,105,142,84,no_determinado,0,sin_podcast,304,14,drama_emocional,0,sin_compras
2025-03-17,Monday,3,2025,6890.0,4.4,175,49,61,no_determinado,0,salud,57,3,drama_emocional,0,sin_compras
2025-03-18,Tuesday,3,2025,8687.0,5.5,257,80,24,no_determinado,0,actualidad,64,2,drama_emocional,0,sin_compras
2025-03-19,Wednesday,3,2025,9729.0,5.9,231,0,0,sin_musica,0,sin_podcast,128,7,otros,0,sin_compras
2025-03-20,Thursday,3,2025,7486.0,4.6,163,12,19,latinoamerica,0,actualidad,99,2,drama_emocional,0,sin_compras
2025-03-21,Friday,3,2025,4068.0,2.8,81,8,1,usa,0,otros,44,4,drama_emocional,0,sin_compras
2025-03-22,Saturday,3,2025,6301.0,4.4,151,60,99,no_determinado,0,sin_podcast,348,17,drama_emocional,0,sin_compras
2025-03-23,Sunday,3,2025,682.0,0.4,11,18,4,argentina,11,otros,342,17,drama_emocional,0,sin_compras
2025-03-24,Monday,3,2025,2126.0,1.4,43,145,51,argentina,7,salud,7,2,drama_emocional,0,sin_compras
2025-03-25,Tuesday,3,2025,6149.0,3.8,139,85,55,argentina,0,sin_podcast,97,4,drama_emocional,0,sin_compras
2025-03-26,Wednesday,3,2025,6781.0,4.5,192,25,31,no_determinado,0,sin_podcast,86,2,drama_emocional,0,sin_compras
2025-03-27,Thursday,3,2025,12355.0,8.0,304,13,3,argentina,0,sin_podcast,0,0,sin_netflix,0,sin_compras
2025-03-28,Friday,3,2025,6167.0,3.9,148,2,1,argentina,0,sin_podcast,219,9,cultural_historico,0,sin_compras
2025-03-29,Saturday,3,2025,4050.0,2.8,91,121,53,usa,20,bienestar_desarrollo,243,8,cultural_historico,0,sin_compras
2025-03-30,Sunday,3,2025,4921.0,3.2,97,62,54,argentina,0,sin_podcast,252,15,drama_emocional,0,sin_compras
2025-03-31,Monday,3,2025,5787.0,3.9,156,26,5,argentina,0,sin_podcast,62,5,crimen_thriller,0,sin_compras
2025-04-01,Tuesday,4,2025,6918.0,4.5,167,29,13,usa,0,sin_podcast,48,4,crimen_thriller,0,sin_compras
2025-04-02,Wednesday,4,2025,13345.0,9.1,311,184,165,no_determinado,0,sin_podcast,210,10,crimen_thriller,0,sin_compras
2025-04-03,Thursday,4,2025,8747.0,5.6,222,102,70,no_determinado,0,bienestar_desarrollo,84,6,crimen_thriller,0,sin_compras
2025-04-04,Friday,4,2025,4319.0,3.1,114,120,84,no_determinado,0,sin_podcast,67,2,crimen_thriller,0,sin_compras
2025-04-05,Saturday,4,2025,10185.0,7.0,224,137,89,no_determinado,0,sin_podcast,57,5,crimen_thriller,0,sin_compras
2025-04-06,Sunday,4,2025,6487.0,4.5,141,78,15,argentina,0,sin_podcast,64,5,drama_emocional,0,sin_compras
2025-04-07,Monday,4,2025,8776.0,6.1,238,42,36,no_determinado,0,sin_podcast,0,1,solo_trailers,0,sin_compras
2025-04-08,Tuesday,4,2025,7780.0,5.3,192,25,35,no_determinado,0,actualidad,249,11,crimen_thriller,0,sin_compras
2025-04-09,Wednesday,4,2025,5324.0,3.5,142,0,0,sin_musica,0,sin_podcast,118,3,otros,0,sin_compras
2025-04-10,Thursday,4,2025,7661.0,5.1,149,49,93,no_determinado,0,actualidad,16,12,solo_trailers,0,sin_compras
2025-04-11,Friday,4,2025,4918.0,3.3,110,0,0,sin_musica,0,sin_podcast,0,0,sin_netflix,1,belleza
2025-04-12,Saturday,4,2025,7438.0,5.3,184,70,22,argentina,0,sin_podcast,0,0,sin_netflix,0,sin_compras
2025-04-13,Sunday,4,2025,10425.0,7.2,244,89,62,no_determinado,5,otros,297,18,cultural_historico,0,sin_compras
2025-04-14,Monday,4,2025,9966.0,7.0,265,0,0,sin_musica,0,sin_podcast,55,1,drama_emocional,0,sin_compras
2025-04-15,Tuesday,4,2025,5587.0,3.6,148,48,58,argentina,14,bienestar_desarrollo,82,5,cultural_historico,0,sin_compras
2025-04-16,Wednesday,4,2025,8961.0,6.2,232,35,40,no_determinado,0,sin_podcast,0,0,sin_netflix,0,sin_compras
2025-04-17,Thursday,4,2025,3792.0,2.5,85,67,47,no_determinado,46,bienestar_desarrollo,253,17,otros,0,sin_compras
2025-04-18,Friday,4,2025,6843.0,4.4,130,64,22,no_determinado,0,sin_podcast,49,5,crimen_thriller,0,sin_compras
2025-04-19,Saturday,4,2025,7081.0,4.9,166,32,19,no_determinado,48,bienestar_desarrollo,27,1,crimen_thriller,0,sin_compras
2025-04-20,Sunday,4,2025,4539.0,3.0,96,193,102,no_determinado,0,sin_podcast,0,0,sin_netflix,0,sin_compras
2025-04-21,Monday,4,2025,5859.0,4.0,166,113,34,usa,0,sin_podcast,47,4,crimen_thriller,0,sin_compras
2025-04-22,Tuesday,4,2025,8879.0,6.1,236,12,11,argentina,0,sin_podcast,108,3,otros,0,sin_compras
2025-04-23,Wednesday,4,2025,6749.0,4.6,181,12,19,argentina,41,actualidad,0,0,sin_netflix,0,sin_compras
2025-04-24,Thursday,4,2025,7345.0,4.9,182,38,20,argentina,0,sin_podcast,0,0,sin_netflix,0,sin_compras
2025-04-25,Friday,4,2025,4036.0,2.6,80,18,13,usa,0,sin_podcast,215,18,otros,0,sin_compras
2025-04-26,Saturday,4,2025,6975.0,4.7,155,112,87,no_determinado,0,sin_podcast,0,0,sin_netflix,0,sin_compras
2025-04-27,Sunday,4,2025,3507.0,2.3,69,76,38,no_determinado,0,sin_podcast,0,0,sin_netflix,0,sin_compras
2025-04-28,Monday,4,2025,8348.0,5.5,199,113,82,no_determinado,6,bienestar_desarrollo,0,0,sin_netflix,0,sin_compras
2025-04-29,Tuesday,4,2025,7367.0,4.7,208,13,4,no_determinado,0,sin_podcast,0,0,sin_netflix,0,sin_compras
2025-04-30,Wednesday,4,2025,7583.0,4.9,183,0,0,sin_musica,0,sin_podcast,41,1,cultural_historico,0,sin_compras
2025-05-01,Thursday,5,2025,445.0,0.3,10,10,4,argentina,0,sin_podcast,392,15,cultural_historico,0,sin_compras
2025-05-02,Friday,5,2025,4909.0,3.4,109,4,1,usa,0,sin_podcast,46,2,otros,0,sin_compras
2025-05-03,Saturday,5,2025,3650.0,2.6,87,93,64,no_determinado,50,actualidad,253,19,drama_emocional,0,sin_compras
2025-05-04,Sunday,5,2025,5529.0,3.9,140,94,24,argentina,70,bienestar_desarrollo,156,11,drama_emocional,0,sin_compras
2025-05-05,Monday,5,2025,7992.0,5.1,219,0,0,sin_musica,0,sin_podcast,38,2,drama_emocional,0,sin_compras
2025-05-06,Tuesday,5,2025,6487.0,4.4,166,0,0,sin_musica,0,sin_podcast,35,3,drama_emocional,0,sin_compras
2025-05-07,Wednesday,5,2025,5850.0,4.0,171,9,32,argentina,0,sin_podcast,78,3,otros,0,sin_compras
2025-05-08,Thursday,5,2025,8153.0,5.3,221,0,0,sin_musica,0,sin_podcast,0,0,sin_netflix,0,sin_compras
2025-05-09,Friday,5,2025,606.0,0.4,13,0,0,sin_musica,0,sin_podcast,17,2,drama_emocional,0,sin_compras
2025-05-10,Saturday,5,2025,1079.0,0.8,24,88,61,argentina,0,sin_podcast,23,2,drama_emocional,0,sin_compras
2025-05-11,Sunday,5,2025,354.0,0.2,6,139,92,no_determinado,0,otros,9,1,drama_emocional,0,sin_compras
2025-05-12,Monday,5,2025,7004.0,4.7,197,23,6,no_determinado,0,sin_podcast,0,0,sin_netflix,0,sin_compras
2025-05-13,Tuesday,5,2025,5940.0,3.5,119,0,0,sin_musica,0,sin_podcast,75,4,otros,0,sin_compras
2025-05-14,Wednesday,5,2025,5468.0,3.4,135,0,0,sin_musica,24,salud,97,14,otros,0,sin_compras
2025-05-15,Thursday,5,2025,6437.0,4.4,173,0,0,sin_musica,0,sin_podcast,0,0,sin_netflix,0,sin_compras
2025-05-16,Friday,5,2025,3312.0,2.0,62,34,22,argentina,0,sin_podcast,54,4,cultural_historico,0,sin_compras
2025-05-17,Saturday,5,2025,1103.0,0.8,22,50,23,no_determinado,0,sin_podcast,132,6,drama_emocional,0,sin_compras
2025-05-18,Sunday,5,2025,2991.0,2.1,72,64,53,no_determinado,56,cultural,48,4,drama_emocional,0,sin_compras
2025-05-19,Monday,5,2025,5287.0,3.7,158,66,49,no_determinado,0,sin_podcast,35,4,drama_emocional,0,sin_compras
2025-05-20,Tuesday,5,2025,441.0,0.3,8,105,4,argentina,0,sin_podcast,20,2,drama_emocional,0,sin_compras
2025-05-21,Wednesday,5,2025,7872.0,5.3,220,53,11,argentina,50,actualidad,0,0,sin_netflix,0,sin_compras
2025-05-22,Thursday,5,2025,12003.0,8.1,337,38,5,argentina,0,actualidad,0,0,sin_netflix,0,sin_compras
2025-05-23,Friday,5,2025,1842.0,1.2,40,0,0,sin_musica,0,sin_podcast,0,0,sin_netflix,0,sin_compras
2025-05-24,Saturday,5,2025,1461.0,1.0,32,55,21,argentina,85,actualidad,77,3,otros,0,sin_compras
2025-05-25,Sunday,5,2025,362.0,0.2,7,280,45,no_determinado,0,sin_podcast,0,0,sin_netflix,0,sin_compras
2025-05-26,Monday,5,2025,4595.0,3.1,146,39,10,argentina,0,sin_podcast,0,0,sin_netflix,0,sin_compras
2025-05-27,Tuesday,5,2025,4810.0,3.1,132,36,21,argentina,0,sin_podcast,30,3,drama_emocional,0,sin_compras
2025-05-28,Wednesday,5,2025,5979.0,3.7,164,62,15,argentina,0,sin_podcast,63,4,drama_emocional,0,sin_compras
2025-05-29,Thursday,5,2025,3051.0,2.1,64,11,16,no_determinado,0,actualidad,42,2,drama_emocional,0,sin_compras
2025-05-30,Friday,5,2025,11358.0,8.2,268,26,17,no_determinado,61,actualidad,0,0,sin_netflix,0,sin_compras
2025-05-31,Saturday,5,2025,2498.0,1.6,45,0,0,sin_musica,0,sin_podcast,249,24,crimen_thriller,0,sin_compras
2025-06-01,Sunday,6,2025,3411.0,2.3,67,0,0,sin_musica,0,sin_podcast,43,1,crimen_thriller,0,sin_compras
2025-06-02,Monday,6,2025,6820.0,4.5,195,53,19,no_determinado,6,actualidad,42,2,drama_emocional,0,sin_compras
2025-06-03,Tuesday,6,2025,7108.0,4.5,183,0,0,sin_musica,0,sin_podcast,0,0,sin_netflix,0,sin_compras
2025-06-04,Wednesday,6,2025,4066.0,2.9,103,15,16,argentina,0,sin_podcast,38,2,drama_emocional,0,sin_compras
2025-06-05,Thursday,6,2025,5400.0,3.6,153,148,22,instrumental,0,actualidad,0,0,sin_netflix,0,sin_compras
2025-06-06,Friday,6,2025,2495.0,1.6,62,150,30,no_determinado,0,otros,0,0,sin_netflix,0,sin_compras
2025-06-07,Saturday,6,2025,2197.0,1.4,46,7,4,usa,0,sin_podcast,186,11,drama_emocional,0,sin_compras
2025-06-08,Sunday,6,2025,506.0,0.3,8,402,43,instrumental,0,otros,67,6,drama_emocional,0,sin_compras
2025-06-09,Monday,6,2025,2278.0,1.5,52,14,1,usa,0,sin_podcast,0,0,sin_netflix,0,sin_compras
2025-06-10,Tuesday,6,2025,8285.0,5.7,242,0,0,sin_musica,4,actualidad,65,2,otros,0,sin_compras
2025-06-11,Wednesday,6,2025,9328.0,6.3,243,0,0,sin_musica,0,sin_podcast,126,4,otros,0,sin_compras
2025-06-12,Thursday,6,2025,8747.0,5.6,229,0,0,sin_musica,0,sin_podcast,0,0,sin_netflix,0,sin_compras
2025-06-13,Friday,6,2025,2457.0,1.7,58,0,0,sin_musica,0,sin_podcast,0,0,sin_netflix,0,sin_compras
2025-06-14,Saturday,6,2025,5869.0,4.2,134,60,41,argentina,0,actualidad,0,0,sin_netflix,0,sin_compras
2025-06-15,Sunday,6,2025,426.0,0.3,9,0,0,sin_musica,0,sin_podcast,458,43,otros,0,sin_compras
2025-06-16,Monday,6,2025,816.0,0.5,13,59,15,argentina,0,actualidad,162,9,drama_emocional,0,sin_compras
2025-06-17,Tuesday,6,2025,8119.0,5.2,220,183,69,no_determinado,1,bienestar_desarrollo,0,0,sin_netflix,0,sin_compras
2025-06-18,Wednesday,6,2025,5799.0,3.8,162,14,5,no_determinado,0,bienestar_desarrollo,0,0,sin_netflix,1,hogar
2025-06-19,Thursday,6,2025,6112.0,3.9,155,16,2,argentina,0,sin_podcast,0,0,sin_netflix,0,sin_compras
2025-06-20,Friday,6,2025,26.0,0.0,1,0,0,sin_musica,0,sin_podcast,147,17,comedia,0,sin_compras
2025-06-21,Saturday,6,2025,462.0,0.3,9,9,1,argentina,0,actualidad,108,4,otros,0,sin_compras
2025-06-22,Sunday,6,2025,5545.0,3.6,115,7,3,no_determinado,0,sin_podcast,276,13,drama_emocional,0,sin_compras
2025-06-23,Monday,6,2025,7865.0,5.6,213,8,4,argentina,69,actualidad,21,1,drama_emocional,1,indumentaria
2025-06-24,Tuesday,6,2025,9478.0,6.4,244,0,0,sin_musica,0,sin_podcast,31,2,drama_emocional,0,sin_compras
2025-06-25,Wednesday,6,2025,5353.0,3.4,133,0,0,sin_musica,0,sin_podcast,212,7,drama_emocional,0,sin_compras
2025-06-26,Thursday,6,2025,7290.0,4.6,198,35,23,argentina,0,otros,73,4,drama_emocional,0,sin_compras
2025-06-27,Friday,6,2025,5979.0,4.4,177,0,0,sin_musica,0,sin_podcast,98,4,drama_emocional,0,sin_compras
2025-06-28,Saturday,6,2025,5423.0,3.9,126,0,0,sin_musica,0,sin_podcast,130,4,drama_emocional,0,sin_compras
2025-06-29,Sunday,6,2025,82.0,0.0,1,0,0,sin_musica,0,actualidad,531,17,drama_emocional,0,sin_compras
2025-06-30,Monday,6,2025,9065.0,6.4,249,0,0,sin_musica,0,sin_podcast,0,0,sin_netflix,0,sin_compras
2025-07-01,Tuesday,7,2025,4931.0,3.5,156,4,4,no_determinado,0,sin_podcast,28,2,drama_emocional,0,sin_compras
2025-07-02,Wednesday,7,2025,6210.0,4.2,188,8,9,argentina,0,sin_podcast,10,1,drama_emocional,0,sin_compras
2025-07-03,Thursday,7,2025,6152.0,4.1,178,65,24,no_determinado,0,sin_podcast,247,6,drama_emocional,0,sin_compras
2025-07-04,Friday,7,2025,8947.0,6.6,235,112,5,instrumental,0,sin_podcast,82,3,drama_emocional,0,sin_compras
2025-07-05,Saturday,7,2025,4086.0,2.9,92,0,0,sin_musica,0,sin_podcast,245,8,otros,0,sin_compras
2025-07-06,Sunday,7,2025,8306.0,5.7,204,166,5,instrumental,0,sin_podcast,0,0,sin_netflix,0,sin_compras
2025-07-07,Monday,7,2025,5185.0,3.6,156,0,0,sin_musica,0,sin_podcast,52,2,crimen_thriller,0,sin_compras
2025-07-08,Tuesday,7,2025,5920.0,4.0,173,134,7,instrumental,0,sin_podcast,230,7,crimen_thriller,0,sin_compras
2025-07-09,Wednesday,7,2025,2211.0,1.4,46,294,21,instrumental,0,sin_podcast,367,18,otros,0,sin_compras
2025-07-10,Thursday,7,2025,5637.0,3.9,159,74,13,argentina,0,actualidad,52,3,otros,0,sin_compras
2025-07-11,Friday,7,2025,4676.0,3.2,104,0,0,sin_musica,0,actualidad,128,6,otros,0,sin_compras
2025-07-12,Saturday,7,2025,2673.0,1.9,62,31,4,latinoamerica,0,sin_podcast,97,5,crimen_thriller,0,sin_compras
2025-07-13,Sunday,7,2025,6282.0,4.0,121,56,11,argentina,0,sin_podcast,391,17,otros,0,sin_compras
2025-07-14,Monday,7,2025,5013.0,3.4,132,6,4,latinoamerica,0,sin_podcast,88,3,cultural_historico,0,sin_compras
2025-07-15,Tuesday,7,2025,9514.0,6.3,268,2,4,instrumental,0,sin_podcast,80,1,otros,0,sin_compras
2025-07-16,Wednesday,7,2025,7046.0,4.9,185,0,0,sin_musica,0,sin_podcast,0,0,sin_netflix,0,sin_compras
2025-07-17,Thursday,7,2025,6291.0,4.0,176,25,4,argentina,39,actualidad,0,0,sin_netflix,0,sin_compras
2025-07-18,Friday,7,2025,2622.0,1.9,65,50,7,latinoamerica,0,bienestar_desarrollo,29,3,crimen_thriller,0,sin_compras
2025-07-19,Saturday,7,2025,5881.0,4.3,146,0,0,sin_musica,0,sin_podcast,240,8,crimen_thriller,0,sin_compras
2025-07-20,Sunday,7,2025,7274.0,5.2,175,27,44,no_determinado,48,otros,303,21,crimen_thriller,0,sin_compras
2025-07-21,Monday,7,2025,5132.0,3.6,151,29,31,argentina,0,otros,38,1,drama_emocional,0,sin_compras
2025-07-22,Tuesday,7,2025,5796.0,3.8,150,13,2,latinoamerica,0,sin_podcast,0,0,sin_netflix,0,sin_compras
2025-07-23,Wednesday,7,2025,6619.0,4.4,196,39,14,no_determinado,0,sin_podcast,0,0,sin_netflix,0,sin_compras
2025-07-24,Thursday,7,2025,437.0,0.2,7,14,7,argentina,0,cultural,0,0,sin_netflix,0,sin_compras
2025-07-25,Friday,7,2025,2664.0,1.9,63,107,81,no_determinado,0,cultural,164,5,crimen_thriller,0,sin_compras
2025-07-26,Saturday,7,2025,1613.0,1.1,34,31,20,usa,0,sin_podcast,439,28,comedia,0,sin_compras
2025-07-27,Sunday,7,2025,16.0,0.0,1,31,46,no_determinado,0,sin_podcast,490,18,crimen_thriller,0,sin_compras
2025-07-28,Monday,7,2025,4779.0,3.4,135,8,12,no_determinado,0,sin_podcast,53,2,crimen_thriller,0,sin_compras
2025-07-29,Tuesday,7,2025,6055.0,4.2,191,34,29,no_determinado,0,actualidad,148,10,crimen_thriller,0,sin_compras
2025-07-30,Wednesday,7,2025,6444.0,4.3,179,96,65,no_determinado,0,actualidad,167,11,crimen_thriller,0,sin_compras
2025-07-31,Thursday,7,2025,6673.0,4.4,199,76,67,no_determinado,0,sin_podcast,27,1,crimen_thriller,0,sin_compras
2025-08-01,Friday,8,2025,6214.0,3.7,117,0,0,sin_musica,0,sin_podcast,97,5,comedia,0,sin_compras
2025-08-02,Saturday,8,2025,5382.0,3.6,113,0,0,sin_musica,0,sin_podcast,325,26,crimen_thriller,0,sin_compras
2025-08-03,Sunday,8,2025,3773.0,2.5,74,23,48,argentina,0,sin_podcast,264,20,drama_emocional,2,indumentaria
2025-08-04,Monday,8,2025,4458.0,3.1,123,20,13,usa,0,sin_podcast,0,0,sin_netflix,0,sin_compras
2025-08-05,Tuesday,8,2025,5909.0,3.8,159,59,27,argentina,0,bienestar_desarrollo,0,0,sin_netflix,0,sin_compras
2025-08-06,Wednesday,8,2025,5997.0,4.0,160,4,16,no_determinado,0,bienestar_desarrollo,0,0,sin_netflix,0,sin_compras
2025-08-07,Thursday,8,2025,557.0,0.4,12,6,16,no_determinado,0,sin_podcast,0,0,sin_netflix,0,sin_compras
2025-08-08,Friday,8,2025,5958.0,4.3,168,47,81,argentina,0,sin_podcast,0,0,sin_netflix,0,sin_compras
2025-08-09,Saturday,8,2025,4897.0,3.5,121,0,0,sin_musica,0,sin_podcast,175,7,cultural_historico,0,sin_compras
2025-08-10,Sunday,8,2025,2906.0,2.0,50,0,0,sin_musica,0,sin_podcast,0,0,sin_netflix,0,sin_compras
2025-08-11,Monday,8,2025,6488.0,4.6,149,0,0,sin_musica,0,sin_podcast,91,3,cultural_historico,0,sin_compras
2025-08-12,Tuesday,8,2025,5506.0,3.5,152,0,0,sin_musica,0,sin_podcast,359,11,cultural_historico,0,sin_compras
2025-08-13,Wednesday,8,2025,5213.0,3.5,144,45,61,argentina,0,sin_podcast,157,8,otros,0,sin_compras
2025-08-14,Thursday,8,2025,5903.0,4.0,162,25,6,no_determinado,0,sin_podcast,94,3,crimen_thriller,0,sin_compras
2025-08-15,Friday,8,2025,1700.0,1.1,39,0,0,sin_musica,0,sin_podcast,435,14,crimen_thriller,0,sin_compras
2025-08-16,Saturday,8,2025,1207.0,0.8,22,275,13,no_determinado,0,actualidad,377,35,cultural_historico,0,sin_compras
2025-08-17,Sunday,8,2025,476.0,0.3,14,9,3,usa,0,sin_podcast,308,17,crimen_thriller,0,sin_compras
2025-08-18,Monday,8,2025,8888.0,5.8,221,57,25,argentina,0,sin_podcast,98,2,crimen_thriller,0,sin_compras
2025-08-19,Tuesday,8,2025,7216.0,4.8,182,0,0,sin_musica,0,sin_podcast,183,6,crimen_thriller,0,sin_compras
2025-08-20,Wednesday,8,2025,6716.0,4.4,159,5,4,usa,0,otros,192,5,crimen_thriller,0,sin_compras
2025-08-21,Thursday,8,2025,1515.0,1.0,29,178,77,no_determinado,39,actualidad,208,8,crimen_thriller,0,sin_compras
2025-08-22,Friday,8,2025,10182.0,7.3,251,24,19,no_determinado,4,bienestar_desarrollo,86,6,crimen_thriller,0,sin_compras
2025-08-23,Saturday,8,2025,3814.0,2.5,83,10,1,argentina,44,actualidad,283,7,crimen_thriller,0,sin_compras
2025-08-24,Sunday,8,2025,2318.0,1.4,37,17,11,argentina,0,sin_podcast,504,11,crimen_thriller,0,sin_compras
2025-08-25,Monday,8,2025,8351.0,5.5,194,11,7,argentina,0,sin_podcast,251,5,crimen_thriller,0,sin_compras
2025-08-26,Tuesday,8,2025,5262.0,3.6,131,0,0,sin_musica,0,sin_podcast,273,8,crimen_thriller,0,sin_compras
2025-08-27,Wednesday,8,2025,6689.0,4.5,167,0,0,sin_musica,0,sin_podcast,338,11,crimen_thriller,0,sin_compras
2025-08-28,Thursday,8,2025,6682.0,4.2,173,151,40,instrumental,0,sin_podcast,64,7,crimen_thriller,0,sin_compras
2025-08-29,Friday,8,2025,2735.0,1.9,64,229,5,instrumental,1,salud,134,8,otros,0,sin_compras
2025-08-30,Saturday,8,2025,16886.0,11.2,367,6,16,no_determinado,33,actualidad,75,5,otros,0,sin_compras
2025-08-31,Sunday,8,2025,1779.0,1.1,38,11,1,no_determinado,0,sin_podcast,205,10,cultural_historico,1,bienestar
2025-09-01,Monday,9,2025,6701.0,4.6,181,0,0,sin_musica,0,sin_podcast,0,0,sin_netflix,0,sin_compras
2025-09-02,Tuesday,9,2025,5053.0,3.3,131,0,0,sin_musica,0,sin_podcast,0,0,sin_netflix,0,sin_compras
2025-09-03,Wednesday,9,2025,8759.0,5.8,211,18,8,argentina,0,sin_podcast,0,0,sin_netflix,0,sin_compras
2025-09-04,Thursday,9,2025,6900.0,4.4,169,97,25,usa,0,sin_podcast,136,13,otros,0,sin_compras
2025-09-05,Friday,9,2025,7787.0,5.3,190,0,0,sin_musica,0,sin_podcast,0,0,sin_netflix,0,sin_compras
2025-09-06,Saturday,9,2025,4489.0,3.0,96,47,37,argentina,0,sin_podcast,127,12,cultural_historico,2,tecnologia
2025-09-07,Sunday,9,2025,3967.0,2.5,73,0,0,sin_musica,0,sin_podcast,702,22,cultural_historico,0,sin_compras
2025-09-08,Monday,9,2025,6617.0,4.7,175,0,0,sin_musica,0,sin_podcast,113,3,cultural_historico,0,sin_compras
2025-09-09,Tuesday,9,2025,6709.0,4.3,196,0,0,sin_musica,0,sin_podcast,51,2,cultural_historico,0,sin_compras
2025-09-10,Wednesday,9,2025,7607.0,5.0,188,0,0,sin_musica,0,sin_podcast,207,8,cultural_historico,0,sin_compras
2025-09-11,Thursday,9,2025,1678.0,1.0,30,140,89,no_determinado,55,bienestar_desarrollo,0,0,sin_netflix,0,sin_compras
2025-09-12,Friday,9,2025,415.0,0.3,7,3,1,argentina,0,sin_podcast,9,1,cultural_historico,0,sin_compras
2025-09-13,Saturday,9,2025,3878.0,2.6,85,28,50,argentina,0,actualidad,86,5,cultural_historico,0,sin_compras
2025-09-14,Sunday,9,2025,9990.0,6.7,217,0,0,sin_musica,0,sin_podcast,391,11,cultural_historico,0,sin_compras
2025-09-15,Monday,9,2025,6299.0,4.4,161,0,1,argentina,41,cultural,116,3,cultural_historico,0,sin_compras
2025-09-16,Tuesday,9,2025,5528.0,3.6,143,19,11,argentina,43,cultural,78,3,cultural_historico,1,hogar
2025-09-17,Wednesday,9,2025,11422.0,7.2,263,0,3,argentina,0,sin_podcast,44,2,cultural_historico,0,sin_compras
2025-09-18,Thursday,9,2025,5603.0,3.8,156,0,0,sin_musica,0,sin_podcast,229,18,cultural_historico,1,movilidad
2025-09-19,Friday,9,2025,4415.0,3.0,98,0,1,argentina,0,sin_podcast,151,8,crimen_thriller,1,belleza
2025-09-20,Saturday,9,2025,2074.0,1.3,37,0,0,sin_musica,0,sin_podcast,86,3,crimen_thriller,0,sin_compras
2025-09-21,Sunday,9,2025,7042.0,4.6,164,0,0,sin_musica,0,sin_podcast,0,0,sin_netflix,0,sin_compras
2025-09-22,Monday,9,2025,2870.0,1.8,88,0,0,sin_musica,0,sin_podcast,0,0,sin_netflix,0,sin_compras
2025-09-23,Tuesday,9,2025,12658.0,8.8,299,0,0,sin_musica,0,sin_podcast,0,0,sin_netflix,0,sin_compras
2025-09-24,Wednesday,9,2025,1967.0,1.2,64,0,0,sin_musica,0,otros,0,0,sin_netflix,0,sin_compras
2025-09-25,Thursday,9,2025,10269.0,6.9,275,0,0,sin_musica,0,sin_podcast,0,0,sin_netflix,0,sin_compras
2025-09-26,Friday,9,2025,2894.0,1.8,79,0,0,sin_musica,0,sin_podcast,0,0,sin_netflix,0,sin_compras
2025-09-27,Saturday,9,2025,8791.0,6.0,213,0,0,sin_musica,0,sin_podcast,0,0,sin_netflix,0,sin_compras
2025-09-28,Sunday,9,2025,5926.0,3.8,115,0,0,sin_musica,0,sin_podcast,0,0,sin_netflix,0,sin_compras
2025-09-29,Monday,9,2025,4398.0,3.0,108,12,4,argentina,1,cultural,10,2,otros,0,sin_compras
2025-09-30,Tuesday,9,2025,5406.0,3.9,125,15,5,argentina,0,sin_podcast,179,10,drama_emocional,0,sin_compras
2025-10-01,Wednesday,10,2025,6643.0,4.2,149,26,7,argentina,0,sin_podcast,53,5,drama_emocional,0,sin_compras
2025-10-02,Thursday,10,2025,2378.0,1.6,45,16,8,argentina,0,actualidad,0,0,sin_netflix,0,sin_compras
2025-10-03,Friday,10,2025,6749.0,4.5,152,0,0,sin_musica,0,sin_podcast,0,0,sin_netflix,0,sin_compras
2025-10-04,Saturday,10,2025,1694.0,1.1,32,47,19,argentina,0,salud,0,0,sin_netflix,0,sin_compras
2025-10-05,Sunday,10,2025,118.0,0.1,1,0,0,sin_musica,0,sin_podcast,0,0,sin_netflix,0,sin_compras
2025-10-06,Monday,10,2025,4367.0,3.0,110,9,6,argentina,0,salud,0,0,sin_netflix,0,sin_compras
2025-10-07,Tuesday,10,2025,5979.0,4.3,161,89,10,argentina,0,sin_podcast,0,0,sin_netflix,1,tecnologia
2025-10-08,Wednesday,10,2025,6135.0,4.0,146,0,0,sin_musica,0,sin_podcast,50,4,cultural_historico,1,bienestar
2025-10-09,Thursday,10,2025,6379.0,4.4,171,9,2,no_determinado,0,sin_podcast,41,2,cultural_historico,0,sin_compras
2025-10-10,Friday,10,2025,2756.0,1.9,63,284,29,no_determinado,0,actualidad,223,8,cultural_historico,0,sin_compras
2025-10-11,Saturday,10,2025,14.0,0.0,1,19,25,no_determinado,0,sin_podcast,0,0,sin_netflix,0,sin_compras
2025-10-12,Sunday,10,2025,848.0,0.5,18,0,0,sin_musica,0,sin_podcast,155,8,crimen_thriller,0,sin_compras
2025-10-13,Monday,10,2025,5863.0,3.9,150,0,0,sin_musica,0,sin_podcast,37,2,crimen_thriller,0,sin_compras
2025-10-14,Tuesday,10,2025,7042.0,4.7,181,0,0,sin_musica,0,sin_podcast,67,2,crimen_thriller,2,hogar
2025-10-15,Wednesday,10,2025,12074.0,7.8,298,16,11,argentina,0,sin_podcast,0,0,sin_netflix,0,sin_compras
2025-10-16,Thursday,10,2025,8864.0,6.0,219,0,0,sin_musica,0,sin_podcast,0,0,sin_netflix,0,sin_compras
2025-10-17,Friday,10,2025,8554.0,5.4,176,0,0,sin_musica,0,sin_podcast,56,3,cultural_historico,0,sin_compras
2025-10-18,Saturday,10,2025,3995.0,2.8,91,11,3,usa,0,sin_podcast,76,2,cultural_historico,0,sin_compras
2025-10-19,Sunday,10,2025,3084.0,2.1,63,0,0,sin_musica,0,sin_podcast,0,0,sin_netflix,0,sin_compras
2025-10-20,Monday,10,2025,7908.0,5.4,201,62,35,usa,0,sin_podcast,0,0,sin_netflix,0,sin_compras
2025-10-21,Tuesday,10,2025,8964.0,6.2,224,0,0,sin_musica,0,sin_podcast,44,4,cultural_historico,0,sin_compras
2025-10-22,Wednesday,10,2025,7395.0,5.2,169,27,33,no_determinado,0,sin_podcast,0,0,sin_netflix,0,sin_compras
2025-10-23,Thursday,10,2025,8158.0,5.7,228,0,0,sin_musica,0,sin_podcast,0,0,sin_netflix,0,sin_compras
2025-10-24,Friday,10,2025,4520.0,3.1,105,102,27,no_determinado,0,sin_podcast,0,0,sin_netflix,0,sin_compras
2025-10-25,Saturday,10,2025,7884.0,5.1,151,86,8,argentina,0,sin_podcast,0,0,sin_netflix,0,sin_compras
2025-10-26,Sunday,10,2025,7267.0,5.1,158,0,1,argentina,0,sin_podcast,0,0,sin_netflix,0,sin_compras
2025-10-27,Monday,10,2025,4338.0,3.2,139,0,0,sin_musica,0,sin_podcast,0,0,sin_netflix,0,sin_compras
2025-10-28,Tuesday,10,2025,4251.0,3.1,101,0,0,sin_musica,0,sin_podcast,0,0,sin_netflix,0,sin_compras
2025-10-29,Wednesday,10,2025,6252.0,4.3,179,0,0,sin_musica,0,sin_podcast,0,0,sin_netflix,0,sin_compras
2025-10-30,Thursday,10,2025,8310.0,5.8,215,13,3,argentina,0,sin_podcast,0,0,sin_netflix,2,tecnologia
2025-10-31,Friday,10,2025,4407.0,2.9,95,0,0,sin_musica,0,sin_podcast,0,0,sin_netflix,0,sin_compras
2025-11-01,Saturday,11,2025,6569.0,4.4,151,65,25,argentina,0,sin_podcast,0,0,sin_netflix,0,sin_compras
2025-11-02,Sunday,11,2025,1333.0,0.9,24,60,20,no_determinado,0,sin_podcast,0,0,sin_netflix,0,sin_compras
2025-11-03,Monday,11,2025,5451.0,3.9,171,0,0,sin_musica,0,sin_podcast,0,0,sin_netflix,2,hogar
2025-11-04,Tuesday,11,2025,9580.0,6.9,271,14,7,no_determinado,0,sin_podcast,0,0,sin_netflix,0,sin_compras
2025-11-05,Wednesday,11,2025,6189.0,4.2,152,0,0,sin_musica,0,sin_podcast,0,0,sin_netflix,0,sin_compras
2025-11-06,Thursday,11,2025,10965.0,7.7,311,0,0,sin_musica,0,sin_podcast,0,0,sin_netflix,0,sin_compras
2025-11-07,Friday,11,2025,2512.0,1.7,61,7,4,argentina,0,sin_podcast,0,0,sin_netflix,0,sin_compras
2025-11-08,Saturday,11,2025,5387.0,3.6,115,24,20,argentina,0,sin_podcast,222,14,crimen_thriller,0,sin_compras
2025-11-09,Sunday,11,2025,6008.0,4.0,149,45,17,no_determinado,0,cultural,327,16,drama_emocional,0,sin_compras
2025-11-10,Monday,11,2025,6150.0,4.3,154,64,36,argentina,0,sin_podcast,0,0,sin_netflix,0,sin_compras
2025-11-11,Tuesday,11,2025,8726.0,6.1,234,0,0,sin_musica,0,sin_podcast,0,0,sin_netflix,0,sin_compras
2025-11-12,Wednesday,11,2025,5887.0,4.1,164,0,0,sin_musica,0,sin_podcast,0,0,sin_netflix,0,sin_compras
2025-11-13,Thursday,11,2025,8906.0,6.3,234,0,2,no_determinado,0,sin_podcast,0,0,sin_netflix,0,sin_compras
2025-11-14,Friday,11,2025,2916.0,2.1,40,13,20,argentina,0,sin_podcast,0,0,sin_netflix,0,sin_compras
2025-11-15,Saturday,11,2025,8328.0,5.7,181,2,2,argentina,0,sin_podcast,0,0,sin_netflix,0,sin_compras
2025-11-16,Sunday,11,2025,67.0,0.0,1,4,13,argentina,0,sin_podcast,154,11,drama_emocional,1,indumentaria
2025-11-17,Monday,11,2025,5270.0,3.7,162,30,55,no_determinado,0,sin_podcast,80,3,otros,0,sin_compras
2025-11-18,Tuesday,11,2025,4106.0,3.0,95,21,27,no_determinado,0,sin_podcast,144,5,otros,0,sin_compras
2025-11-19,Wednesday,11,2025,6844.0,4.9,183,31,47,argentina,0,sin_podcast,180,6,otros,0,sin_compras
2025-11-20,Thursday,11,2025,5886.0,4.1,181,9,2,latinoamerica,0,otros,0,0,sin_netflix,0,sin_compras
2025-11-21,Friday,11,2025,6991.0,4.7,147,68,30,argentina,0,otros,440,14,crimen_thriller,0,sin_compras
2025-11-22,Saturday,11,2025,6081.0,4.1,124,0,0,sin_musica,0,sin_podcast,61,3,crimen_thriller,0,sin_compras
2025-11-23,Sunday,11,2025,723.0,0.5,11,1,1,europa,0,sin_podcast,657,19,crimen_thriller,0,sin_compras
2025-11-24,Monday,11,2025,1230.0,0.9,23,32,10,latinoamerica,2,otros,662,26,crimen_thriller,0,sin_compras
2025-11-25,Tuesday,11,2025,4579.0,3.3,102,0,0,sin_musica,0,sin_podcast,285,9,crimen_thriller,0,sin_compras
2025-11-26,Wednesday,11,2025,6995.0,5.0,178,3,1,argentina,0,sin_podcast,77,3,crimen_thriller,0,sin_compras
2025-11-27,Thursday,11,2025,7155.0,5.1,160,0,0,sin_musica,0,sin_podcast,463,15,crimen_thriller,1,belleza
2025-11-28,Friday,11,2025,5969.0,4.1,134,0,0,sin_musica,0,sin_podcast,227,6,crimen_thriller,0,sin_compras
2025-11-29,Saturday,11,2025,3861.0,2.7,87,86,38,argentina,0,sin_podcast,269,8,crimen_thriller,0,sin_compras
2025-11-30,Sunday,11,2025,1323.0,0.8,21,45,17,usa,0,sin_podcast,317,11,crimen_thriller,0,sin_compras
2025-12-01,Monday,12,2025,3046.0,2.0,63,22,19,no_determinado,0,sin_podcast,163,8,crimen_thriller,0,sin_compras
2025-12-02,Tuesday,12,2025,5587.0,3.9,124,31,31,argentina,0,sin_podcast,164,8,crimen_thriller,0,sin_compras
2025-12-03,Wednesday,12,2025,6583.0,4.6,162,46,29,no_determinado,0,sin_podcast,246,12,crimen_thriller,0,sin_compras
2025-12-04,Thursday,12,2025,6101.0,4.1,122,90,51,usa,0,sin_podcast,258,10,crimen_thriller,0,sin_compras
2025-12-05,Friday,12,2025,8040.0,5.3,179,10,3,latinoamerica,0,sin_podcast,235,10,crimen_thriller,0,sin_compras
2025-12-06,Saturday,12,2025,3293.0,2.2,75,0,0,sin_musica,0,sin_podcast,276,7,crimen_thriller,0,sin_compras
2025-12-07,Sunday,12,2025,6625.0,4.4,153,14,28,no_determinado,0,sin_podcast,0,0,sin_netflix,0,sin_compras
2025-12-08,Monday,12,2025,4418.0,2.8,118,0,0,sin_musica,0,sin_podcast,0,0,sin_netflix,0,sin_compras
2025-12-09,Tuesday,12,2025,5296.0,3.6,148,238,65,argentina,0,sin_podcast,0,0,sin_netflix,0,sin_compras
2025-12-10,Wednesday,12,2025,7283.0,4.9,204,0,0,sin_musica,0,sin_podcast,0,0,sin_netflix,0,sin_compras
2025-12-11,Thursday,12,2025,5098.0,3.6,141,0,0,sin_musica,0,sin_podcast,172,13,crimen_thriller,0,sin_compras
2025-12-12,Friday,12,2025,3780.0,2.4,78,53,34,no_determinado,0,sin_podcast,24,3,comedia,0,sin_compras
2025-12-13,Saturday,12,2025,8695.0,5.6,177,0,1,argentina,0,sin_podcast,254,10,crimen_thriller,0,sin_compras
2025-12-14,Sunday,12,2025,520.0,0.3,7,21,10,no_determinado,0,sin_podcast,297,11,crimen_thriller,0,sin_compras
2025-12-15,Monday,12,2025,2863.0,2.0,75,0,0,sin_musica,0,sin_podcast,0,0,sin_netflix,0,sin_compras
2025-12-16,Tuesday,12,2025,3308.0,2.3,73,58,79,argentina,0,sin_podcast,126,9,comedia,0,sin_compras
2025-12-17,Wednesday,12,2025,5402.0,3.5,132,48,22,argentina,0,sin_podcast,193,12,comedia,0,sin_compras
2025-12-18,Thursday,12,2025,6456.0,4.1,153,10,25,no_determinado,0,sin_podcast,137,8,comedia,0,sin_compras
2025-12-19,Friday,12,2025,6211.0,4.3,137,48,33,argentina,0,otros,470,26,comedia,0,sin_compras
2025-12-20,Saturday,12,2025,3122.0,1.9,50,77,21,no_determinado,0,otros,579,29,comedia,0,sin_compras
2025-12-21,Sunday,12,2025,5624.0,3.5,103,0,0,sin_musica,0,sin_podcast,256,13,comedia,0,sin_compras
2025-12-22,Monday,12,2025,6126.0,4.2,141,0,0,sin_musica,0,sin_podcast,204,8,comedia,0,sin_compras
2025-12-23,Tuesday,12,2025,7066.0,4.8,190,2,1,argentina,0,sin_podcast,196,10,comedia,3,tecnologia
2025-12-24,Wednesday,12,2025,2254.0,1.5,46,52,15,no_determinado,17,otros,271,11,ciencia_ficcion,2,hogar
2025-12-25,Thursday,12,2025,4064.0,2.8,101,0,0,sin_musica,0,sin_podcast,212,8,drama_emocional,0,sin_compras
2025-12-26,Friday,12,2025,3359.0,2.4,86,0,0,sin_musica,0,sin_podcast,376,12,drama_emocional,0,sin_compras
2025-12-27,Saturday,12,2025,4315.0,3.0,97,17,23,argentina,56,bienestar_desarrollo,0,0,sin_netflix,0,sin_compras
2025-12-28,Sunday,12,2025,4155.0,2.9,101,0,0,sin_musica,0,sin_podcast,0,0,sin_netflix,0,sin_compras
2025-12-29,Monday,12,2025,5613.0,3.8,144,0,0,sin_musica,0,sin_podcast,52,2,otros,0,sin_compras
2025-12-30,Tuesday,12,2025,7680.0,5.4,189,0,0,sin_musica,0,sin_podcast,155,7,otros,0,sin_compras
2025-12-31,Wednesday,12,2025,4318.0,2.9,90,89,166,no_determinado,0,sin_podcast,329,20,crimen_thriller,0,sin_compras
